Make,Model
Subaru,Tribeca
Mazda,Demio
Tata,Indica
Lada,111
Pagani,Zonda
Honda,Accord
Dodge,Dakota
Toyota,Land Cruiser
Maserati,Ghibli
Ford,Desert Excursion
Honda,Ridgeline
Pontiac,Solstice
Nissan,Primera
Dodge,Magnum
Toyota,Previa
Buick,Riviera
Renault,Megane
Kia,Opirus
GMC,Canyon
Lada,110
Jeep,Cherokee
Alpina,B3
Jeep,Commander
Toyota,Corolla
Pontiac,Grand Prix
Beijing,BJ 2021
TVR,7
Nissan,Titan
Porsche,911
Seat,Inca Kombi
Isuzu,Frontera
Volvo,C70
Lexus,SC
Isuzu,Frontera
Jaguar,X400
Lincoln,Town Car
Chrysler,Voyager
Holden,Cruze
Cadillac,XLR
Holden,Berlina
Volkswagen,T5
Honda,S2000
Chevrolet,Cobalt
Mercury,Sable
Daihatsu,Sirion
Kia,Opirus
Toyota,Crown
Nissan,Maxima
Ford,Galaxy
Ford,Mustang
Toyota,Tundra
Honda,Element
BMW,530
Acura,EL
Seat,Alhambra
Hyundai,Elantra
Lamborghini,Murcielago
BMW,520
Cadillac,Seville
Ford,Fusion
Opel,Omega
Holden,Commodore
Audi,A6
Nissan,Rasheen
SsangYong,Kyron
Ford,Focus
Toyota,Bandeirante
Nissan,Presea
Chevrolet,Equinox
Tata,Indigo
Volvo,XC90
Peugeot,106
BMW,X5
Fiat,Multipla
Fiat,Palio
Chevrolet,Silverado
Lotus,Exige
Mahindra,Armada
Mercury,Cougar
GMC,Yukon
Citroen,Berlingo
Holden,Captiva
GMC,Safari
Lancia,Zeta
Daewoo,Lanos
Buick,LeSabre
Porsche,911
Acura,EL
Lamborghini,Diablo
Smart,Brabus
Ginetta,G20
BMW,750
Lexus,LX
Volkswagen,Sharan
Holden,Barina
BMW,M3
Subaru,Legacy
Caterham,7
Rolls-Royce,Silver Seraph
Peugeot,206
Tata,Indica
Citroen,C5
Ford,Econovan
Kia,Sorento
Porsche,911
Fiat,Sedici
Porsche,911
Audi,S8
Toyota,4Runner
Buick,LaCrosse
Volvo,XC90
Ford,Corsair
Holden,Commodore
Volkswagen,Jetta
Ford,F-250
BMW,750
Jeep,Grand Cherokee
BMW,528
Opel,Corsa
Mercedes-Benz,B
Buick,Riviera
Daihatsu,Copen
Tata,Indigo
Chevrolet,Beretta
Nissan,Rasheen
Alpina,D3
Dodge,Neon
Renault,Espace
Toyota,Tacoma
Volkswagen,Passat
Alpina,Roadster
Opel,Astra
Mitsubishi,Valley
Mitsubishi,Verada
Chrysler,Grand Voyager
Holden,Captiva
Toyota,Avalon
Fiat,Palio II
Chevrolet,Suburban
Audi,Q3
Mercury,Grand Marquis
Ford,Expedition
Aston Martin,Cygnet
Chevrolet,Camaro
Infiniti,Q45
Toyota,Highlander
Nissan,Interstar
Mazda,BT-50
Lotec,C 1000
Lexus,ES
Daihatsu,Cuore
BMW,645
Morgan,4
Volkswagen,Caravelle
Toyota,Sienna
Mercedes-Benz,CLS
Koenigsegg,CCXR
Fiat,Duna
Mercury,Cougar
Smart,ForTwo
Mini,One
Toyota,Land Cruiser
Peugeot,406
BMW,Z3
Hyundai,Accent
Ford,Explorer
Opel,Astra
BMW,540
Volvo,S90
Ford,Expedition
Volkswagen,Quantum
Kia,Sephia II
Ford,F-150
Fiat,Siena
Hyundai,Equus
Kia,Sportage
Nissan,Titan
Chevrolet,Corvette
Buick,LaCrosse
Honda,Civic
Daihatsu,Applause
Jeep,Grand Cherokee
Vauxhall,Agila
Oldsmobile,Bravada
Ford,Ranger
Peugeot,407
Mazda,MS-8
Hyundai,Pony
Dodge,Nitro
Jaguar,S-Type
Ford,Explorer
Volvo,V70
Holden,Frontera
SsangYong,Chairman W
Lada,Calina 1118
Honda,Passport
SsangYong,Kyron
Cadillac,Allante
Mazda,626
Nissan,Platina
Chrysler,Grand Voyager
BMW,535
Kia,Cee'd
Holden,Cruze
Fiat,Ulysse
Chevrolet,Astro
Mahindra,CL
BMW,650
Hyundai,Euro 1
Vauxhall,Frontera
Toyota,Mark II
Honda,Logo
Daihatsu,Applause
Alfa Romeo,Scighera
Buick,Park Avenue
Nissan,Pathfinder
Alpina,B7
Dodge,Grand Caravan
Fiat,Multipla
Mercury,Grand Marquis
GAZ,3111
Opel,Astra
Kia,Soul
Ford,Fusion
Cadillac,STS
Kia,Carnival
Daihatsu,Materia
Mahindra,Bolero
Hyundai,Galloper
Morgan,Aero 8
Hyundai,Tucson
Dodge,Dakota
Fiat,Ulysse
Volkswagen,Polo
Ferrari,Mondial
Dodge,Viper
Donkervoort,D8
BMW,318
Honda,Jazz
Jaguar,X-Type
BMW,630
Isuzu,Trooper
Lotus,Elise
Mazda,323
Ascari,KZ1
Rover,45
Fiat,Seicento
Tata,Sumo
Honda,Insight
Rolls-Royce,Phantom
Volkswagen,Quantum
Bentley,Brooklands
Ford,F-650
Volkswagen,Touareg
Suzuki,Aerio
GMC,Yukon
Ford,C-MAX
Cadillac,Seville
Daihatsu,Copen
Audi,S8
Tata,Sumo
Mercedes-Benz,Viano
Peugeot,406
Rolls-Royce,Phantom
Hyundai,Getz
Opel,Corsa
Hyundai,i30
Suzuki,Swift
Alfa Romeo,156
Ford,Fiesta
Ford,Galaxy
Honda,FR-V
Saab,93
Mini,Cooper
Chevrolet,Volt
Mazda,Laputa
Chevrolet,Colorado
GMC,Savana
Buick,Regal
Volkswagen,Golf
Noble,M14
BMW,530
Chrysler,Phaeton
Honda,Prelude
SsangYong,Stavic
Citroen,C 15
Hyundai,Scoupe
Oldsmobile,SS
Skoda,Superb
Alfa Romeo,166
Mazda,MX-5 Miata
Chevrolet,Orlando
Citroen,Xsara
Bentley,Continental
Daewoo,Tocsa
Opel,Meriva
Proton,Arena
Chevrolet,Tahoe
Suzuki,Verona
Mitsubishi,Outlander
Infiniti,QX4
Jeep,Compass
Toyota,Celica
Renault,21
Hyundai,Dynasty
Hyundai,Coupe
Koenigsegg,CCR
Ferrari,F355
Toyota,Prius
Ford,Laser
Chevrolet,Impala
BMW,520
Citroen,C 15
Ariel,Atom
Honda,Accord
MCC,Crossblade
Honda,Ridgeline
Daewoo,Leganza
Porsche,993
Mazda,AZ
Chevrolet,Lumina
Suzuki,Reno
Proton,Persona
Audi,R8
Buick,Regal
Pontiac,G5
Porsche,996
Nissan,Vanette
Vauxhall,Frontera
GMC,Terrain
Vauxhall,Tigra
Peugeot,307
Holden,Caprice
Volkswagen,Gol
Renault,21
Audi,TT
Fiat,Strada
ZAZ,Wagon
Lancia,Dedra
Kia,Sorento
Chevrolet,Vivant
Marcos,GTS
Opel,Astra
Chrysler,Pacifica
Toyota,Camry
BMW,Z4
Suzuki,Vitara
Holden,Monaro
Spyker,C8
BMW,545
Peugeot,Partner
BMW,535
Daihatsu,Gran Move
Daihatsu,Copen
Lincoln,Navigator
Alfa Romeo,Crosswagon
Jeep,Cherokee
Lotus,Elise
Renault,Grand Scenic
Chevrolet,Colorado
Holden,Commodore
Suzuki,Cappuccino
Ford,Puma
Daewoo,Magnus
Proton,Tiara
Ginetta,G33
Pontiac,Piranha
Renault,Wind
Marcos,GTS
Toyota,Land Cruiser
Pagani,Zonda
Jeep,Cherokee
Vauxhall,Zafira
Fiat,Multipla
Nissan,Rasheen
Dodge,Stratus
Hyundai,Grandeur
Chrysler,PT Cruiser
Lada,Granta
Opel,GT
Infiniti,Q45
Jaguar,XK8
Volkswagen,Beetle
Cadillac,DeVille
Seat,Cordoba
Mahindra,Bolero
Opel,Frontera
Plymouth,Laser
Noble,M12
Chrysler,Crossfire
Peugeot,207
Chevrolet,Malibu
Chrysler,Daytona
Ford,Explorer
Fiat,Scudo
Lotus,Exige
Hyundai,HCD-III
Suzuki,Baleno
Mitsubishi,Shogun
Smart,ForTwo
Saturn,Sky
BMW,Breyton
BMW,Convertible
Buick,Century
Chevrolet,Cavalier
Caterham,21
Chrysler,Le Baron
Cadillac,Catera
Saturn,ION
Vauxhall,Vectra
Nissan,Cima
Toyota,RunX
Suzuki,Baleno
Nissan,Patrol
Buick,Riviera
Dodge,Caravan
Toyota,Supra
Suzuki,SX4
Fiat,Uno
Bristol,Fighter
Peugeot,Partner
Audi,TT
Buick,Park Avenue
Ford,Mondeo
Toyota,Avensis
Nissan,Titan
Nissan,Laurel
Hyundai,Tucson
Mercury,Sable
Renault,Laguna
Nissan,Sunny
Rolls-Royce,Silver Spirit
BMW,M5
Fiat,Uno
BMW,840
Donkervoort,D8
Dodge,M80
Honda,Inspire
BMW,650
BMW,X3
Subaru,Outback
Mercedes-Benz,V
Audi,R8R
GMC,Yukon
Ford,Shelby GT500
Honda,Ridgeline
Mercedes-Benz,T V-12
Citroen,Berlingo
Nissan,Xterra
Ford,Mondeo
Maybach,57
Audi,TT
Chevrolet,Lacetti
SsangYong,Musso
Hyundai,Entourage
MG,TF
Vauxhall,Monaro
Bugatti,EB 118
Peugeot,407
Aston Martin,V8 Vantage
Tata,Safari
Fiat,Sedici
Rolls-Royce,Corniche
Opel,Astra
Opel,Tigra
Volvo,V70
Cadillac,CTS
Proton,Satria
SsangYong,Korando
Mazda,B2300
Mitsubishi,Eclipse
Citroen,C5
Bentley,Azure
Nissan,Skyline
BMW,328
SSC,Tuatara
Tata,Indica
Chevrolet,Spark
Ford,Maverick
Volkswagen,CC
Mazda,B4000
Audi,A2
Hyundai,Galloper
Mercury,Marauder
Suzuki,Samurai
Daihatsu,Domino
BMW,735
Suzuki,EV Sport
Acura,TL
GMC,Yukon
Skoda,Octavia
Geely,CK
Buick,Park Avenue
Kia,Pro-ceed
Aston Martin,Cygnet
Rover,600
Renault,Clio
Alfa Romeo,Giulietta
Land Rover,LR3
Audi,Allroad
Volvo,C30
Lancia,Musa
Audi,A8
Ford,Escort
Jaguar,220
Plymouth,Neon
Nissan,Presea
Volkswagen,Beetle
Nissan,Pathfinder
Suzuki,Jimny
Suzuki,Alto
Suzuki,Jimny
Toyota,Bandeirante
Scion,xD
Renault,Argos
Volvo,440
Saturn,Aura
Alfa Romeo,164
McLaren,F1
Infiniti,I
Fiat,Cinquecento
Honda,That
Proton,Tiara
Jeep,Wrangler
GMC,Typhoon
Citroen,C3
Ford,Falcon
Dodge,Caravan
Mazda,626
Audi,A4
Mercedes-Benz,CLK
Chrysler,Neon
Aston Martin,Vantage
Ferrari,612
Dodge,Neon
Cadillac,Eldorado
Mazda,MS-6
Infiniti,Q45
Citroen,C8
Buick,Century
Daewoo,Chairman
Daihatsu,Mira
Jaguar,XJ
Holden,Epica
Volkswagen,Caravelle
Audi,Allroad
Fiat,Strada
Toyota,Ipsum
Holden,Jackaroo
Daewoo,Leganza
Renault,Laguna
Volkswagen,Polo
Smart,ForTwo
Mini,One
Subaru,STX
Mercedes-Benz,CLK GTR
Subaru,Impreza
Seat,Altea
Hyundai,Lantra
Dodge,Grand Caravan
Acura,MDX
Suzuki,Cappuccino
BMW,316
Ford,F-250
BMW,535
Mitsubishi,Verada
Kia,Sephia
TVR,T 350
Kia,Carens
Dodge,Kahuna
Kia,Cee'd
BMW,130
BMW,525
Suzuki,Ignis
Subaru,Legacy
Ferrari,California
Infiniti,QX4
Infiniti,QX4
Infiniti,QX56
SsangYong,Actyon
Daewoo,Magnus
Suzuki,Grand Vitara
Toyota,Corolla
Hyundai,Tiburon
Mitsubishi,Montero
Kia,Avella
Mazda,MX-5 Miata
Land Rover,LR4
Hyundai,Genesis
Chevrolet,Aveo
Mitsubishi,Eclipse
Mitsubishi,Magna
Renault,Grand Scenic
Proton,Perdana
Peugeot,205
Daewoo,Leganza
Acura,EL
Volkswagen,Concept T
Lada,Vaz
Renault,Argos
Nissan,Sentra
Subaru,Impreza
Seat,Inca Kombi
Ford,49
Ford,F-150
Daihatsu,Naked
Daihatsu,Domino
Chevrolet,Silverado
Bizzarrini,BZ-2001
Volkswagen,Fox
Buick,LeSabre
Lancia,Phedra
Toyota,Mark II
Vauxhall,Nova
Ford,Ranger
Cadillac,Catera
Buick,LaCrosse
Pontiac,Aztek
Maserati,Quattroporte
BMW,335
Dodge,Charger
Opel,Combo
Alpina,B 12
Ferrari,Maranello
Volkswagen,Quantum
De,Tomaso Guara
Jensen,SV-8
Dacia,Supernova
Ford,GT 500
Alfa Romeo,8C Competizione
Ford,Escort
Volkswagen,Caravelle
Chrysler,Crossfire
Mercury,Mountaineer
Dodge,Caliber
Chevrolet,Avalanche
Chevrolet,Kalos
BMW,M3
Dacia,Logan
Fiat,Multipla
Beijing,BJ 2020
Maserati,Quattroporte
Mazda,2
Honda,Ridgeline
Chrysler,Ypsilon
Chrysler,Grand Voyager
Infiniti,FX
Chrysler,Town and Country
Mazda,Tribute
Volkswagen,Caravelle
Nissan,Navara
Mercedes-Benz,C
Proton,Arena
Volvo,850
Citroen,C 15
Lamborghini,Cala
Pontiac,Vibe
Panoz,AIV
Volvo,440
Volkswagen,Jetta
Renault,Koleos
Proton,Savvy
Subaru,Tribeca
Audi,A8
Chrysler,Concorde
Honda,Civic
Volkswagen,Polo
Isuzu,VehiCross
Cadillac,Catera
Toyota,Avalon
Nissan,Cefiro
Mitsubishi,Lancer
Toyota,Tazz
Ferrari,F430
Nissan,Almera
Smart,Roadster
Rover,Streetwise
Acura,NSX
Mazda,B3000
Nissan,Hardbody
Porsche,Panamera
Mazda,MX-5 Miata
Chevrolet,HHR
Peugeot,Boxer
Jeep,Grand Cherokee
Chevrolet,Cobalt
Honda,Insight
Lexus,GS
Lincoln,Continental
Hyundai,Equus
Opel,Corsa
Chevrolet,Cheyenne
Fiat,Cinquecento
Jeep,Compass
Mazda,MX-Flexa
Ascari,A10
Jeep,Liberty
AC,Cobra
BMW,Alpina
Samsung,SM3
BMW,130
Daihatsu,Sirion
Austin,Montego
TVR,Chimaera
Subaru,Impreza
Ford,Kuga
Ford,Ka
Honda,Pilot
Mini,One
Pontiac,G6
Chevrolet,Blazer
Lotec,C 1000
Lincoln,Continental
Isuzu,Wizard
Toyota,Allion
Daewoo,Musiro
Subaru,Forester
Lexus,IS
Pontiac,Aztek
Holden,Barina
Land Rover,Discovery
Audi,S8
Kia,Amanti
Chevrolet,TrailBlazer
Volvo,960
BMW,840
Mahindra,CL
Oldsmobile,Eighty-Eight
De,Tomaso Mangusta
Honda,FR-V
Saab,41403
Honda,S2000
Infiniti,G20
Peugeot,Partner
Holden,HSV
BMW,325
Fiat,Croma
Cadillac,Escalade
Chevrolet,Aveo
Nissan,Chappo
Ford,Taurus
Xedos,9
Opel,Monterey
Volkswagen,Sharan
Zastava,65
Ford,Lynx
Daihatsu,Charade
Alfa Romeo,GT
Ford,Laser
Citroen,Xsara
Audi,A4
Rover,45
Chrysler,Cirrus
SsangYong,Chairman H
Mitsubishi,Valley
Honda,Step Wagon
Plymouth,Neon
Subaru,Forester
Ford,F-650
Audi,V8
Saleen,S7
Cadillac,Escalade
Chrysler,Voyager
Cadillac,BLS
Renault,Espace
Fiat,Sedici
MG,ZR
Fiat,Coupe
Nissan,Murano
Zagato,Hyena
Proton,Persona
Lada,117
Citroen,C 15
Ford,Focus
Audi,V8
SsangYong,Musso
Toyota,Sequoia
Peugeot,504
Volkswagen,Citi
Mazda,6
Citroen,Xantia
Proton,400
Mercury,Mystique
Volkswagen,Sharan
Peugeot,Partner
TVR,Chimaera
Daihatsu,Applause
Fiat,Strada
MG,ZT-T
Opel,Corsa
Lamborghini,Gallardo
Ford,F-150
Hyundai,Genesis Coupe
Honda,Pilot
Seat,Altea
Citroen,C8
Hyundai,Tucson
Plymouth,Pronto Spyder
Morgan,4
Volkswagen,New Beetle
Mahindra,CL
Fiat,Siena
Vauxhall,Signum
BMW,545
GMC,Envoy
Alfa Romeo,147
Chevrolet,Corvette
Ford,Fiesta
Alpina,B5
Plymouth,Breeze
Kia,Capital
Toyota,Previa
Jaguar,XK
Plymouth,Prowler
Skoda,Fabia
Cadillac,CTS
Holden,Nova
Ford,E-250
Chevrolet,SSR
BMW,M6
Daihatsu,Applause
BMW,525
Saab,41403
Lexus,ES
Jensen,SV-8
Pagani,Zonda
Hyundai,Tiburon
Aston Martin,Vanquish
Ford,F-450
Citroen,C-Airdream
Toyota,Avensis
Volkswagen,Pickup
Land Rover,Range Rover
Audi,A6
Chevrolet,Nubira
Buick,Blackhawk
Volkswagen,Sharan
Kia,Clarus
BMW,125
Kia,Sedona
Oldsmobile,Intrigue
Steyr,G-series
Dodge,Viper
Alfa Romeo,GT
Seat,Arosa
Ferrari,512 TR
Mercedes-Benz,C
BMW,650
Mitsubishi,Grandis
SSC,Tuatara
Volkswagen,Sharan
Fiat,Linea
Seat,Ibiza
Honda,Insight
Mazda,Midge
Seat,Toledo
Lancia,Lybra
Hyundai,Satellite
Toyota,MR2
BMW,520
Mazda,Carol
Panoz,Esperante
Skoda,Fabia
Dodge,Sprinter
Lexus,IS
Toyota,Carina
Chevrolet,Celta
Mazda,MX
Volkswagen,Sharan
Kia,Sedona
Chevrolet,Matiz
Chevrolet,Avalanche
Chevrolet,Equinox
Lamborghini,Gallardo
Volkswagen,Vento
Chevrolet,Trans Sport
Toyota,Century
Citroen,Picasso
Opel,Astra
Lotus,M250
Toyota,Mark II
Dodge,Dakota
Dodge,Charger
Vector,M12
Volkswagen,Touareg
Bentley,Azure
Hyundai,Sonata
Ford,Crown Victoria
Acura,CSX
Infiniti,G20
Mazda,6
Fiat,Tempra
Opel,Speedster
Audi,AL2
Honda,Accord
Ford,Mustang
Infiniti,QX4
Fiat,Punto
Toyota,Land Cruiser
Kia,Sportage
Lancia,Lybra
Plymouth,Neon
Cadillac,STS
Audi,Avantissimo
SsangYong,Rodius
Rover,75
BMW,635
Ford,Crown Victoria
Fiat,Fiorino
BMW,X3
Bentley,Arnage
Lexus,IS
Dodge,Caravan
Lamborghini,Gallardo
Jeep,Patriot
Bentley,Azure
BMW,735
Peugeot,504
Alfa Romeo,159
Lotec,Testa de Oro
air-conditioning,repairer
Citroen,C 15
Fiat,Ulysse
Hyundai,Terracan
GMC,Typhoon
Alpina,Roadster
Ford,Taurus
Oldsmobile,Achieva
Donkervoort,D8
Alpina,B3
Kia,Towner
Nissan,Bluebird
Hyundai,Terracan
Alpina,B3
Volkswagen,Touran
Suzuki,Splash
Mitsubishi,Space Wagon
Mini,MK VII
Renault,Laguna
Mazda,MX-5 Miata
Mitsubishi,Carisma
Daihatsu,Cuore
Mazda,CX-7
Ford,Expedition
Mercedes-Benz,SLR McLaren
Mazda,RX-8
Ginetta,G40
Lexus,RX
Kia,Optima
Riley,MR II
Jeep,Compass
Ford,Courier
Volkswagen,T5
Dodge,Durango
SSC,Ultimate Aero
Skoda,Roomster
Toyota,Chaser
Mercury,Mystique
Citroen,Xantia
Audi,V8
Fiat,Punto
Ferrari,Rossa
Nissan,Xterra
Chrysler,300
Ford,F-250
Audi,A2
Subaru,Outback
Mercedes-Benz,Viano
Land Rover,Freelander
BMW,116
Mercury,Tracer
Oldsmobile,Cutlass
Luxgen,Luxgen7
Honda,S2000
Toyota,RAV4
Citroen,C6
Audi,A4
Toyota,Venture
Chrysler,Neon
Hyundai,Trajet
Mitsubishi,Lancer
Smart,ForTwo
Infiniti,G37
Chrysler,Voyager
Mahindra,Armada
Proton,Juara
Ford,Ecosport
TVR,Cerbera
Daewoo,Nubira
Hyundai,Tiburon
Nissan,Pathfinder
Ford,Windstar
Lancia,Ypsilon
Volkswagen,Microbus
Cadillac,XLR
Chrysler,PT Cruiser
Opel,Insignia
Toyota,4Runner
Ferrari,458 Italia
Ford,Flex
Bugatti,Veyron
Mercedes-Benz,C
Honda,Step Wagon
Volkswagen,Corrado
Honda,Life
Mercury,Tracer
Seat,Exeo
Jeep,Grand Cherokee
Alfa Romeo,Spider
Honda,Today
MG,ZR
Toyota,RAV4
Toyota,Supra
Volvo,YCC
Toyota,Aygo
Jeep,Liberty
Mercedes-Benz,CLC
Mercedes-Benz,SL
Chevrolet,Kalos
Marcos,Mantis
Suzuki,Aerio
AC,Cobra
Volkswagen,Polo
Hyundai,Accent
Ford,Thunderbird
Daewoo,Kalos
Mahindra,Armada
Ford,Freestar
Mahindra,Armada
Audi,RS6
Nissan,Micra
Suzuki,Ignis
Opel,Antara
Peugeot,206
Hyundai,i40
Ford,F-350
Mercedes-Benz,CLK
Nissan,Hardbody
Chevrolet,Lacetti
Holden,UTE
Ford,Ka
Chevrolet,Rezzo
Ford,Explorer
Nissan,Pulsar
Nissan,Grand Livina
Maserati,Ghibli
Volkswagen,New Beetle
Bugatti,EB 118
Lancia,Musa
Morgan,Plus 4
Nissan,Pickup
Mazda,MX-5 Miata
Jensen,CV-8
Mitsubishi,Dingo
BMW,M6
Nissan,Ideo
Caterham,7
Dodge,Caliber
Honda,Today
Ford,Ka
GAZ,3110
Citroen,C5
Chrysler,Neon
Hyundai,Santa Fe
Opel,Speedster
Toyota,Land Cruiser
Hyundai,Genesis
Koenigsegg,CCX
Chevrolet,Avalanche
Toyota,Camry
Morgan,Plus 4
Chrysler,Neon
Audi,R8
Lincoln,Continental
Porsche,Panamera
Dodge,Intrepid
Maybach,62
Porsche,Cayenne
Jeep,Dakar
Saab,9-2x
Ford,Telstar
Mercedes-Benz,CL
Audi,Q7
Audi,A4
Maybach,Landaulet
Pontiac,Montana
Honda,NSX
Peugeot,106
Nissan,Primera
Audi,RS4
Mazda,CX-9
Renault,Twingo
Lincoln,Town Car
Daihatsu,Materia
Chrysler,Voyager
Ford,Bantam
Saab,41403
Ford,Scorpio
Lexus,GS
Mercedes-Benz,CL
Cadillac,Escalade
Bentley,Continental Supersports
Plymouth,Neon
Pontiac,Bonneville
Alfa Romeo,33
Chevrolet,Avalanche
Ford,Econovan
Koenigsegg,CCX
Proton,300
Mercedes-Benz,GL
Lada,Oka
Mitsubishi,Lancer
Daewoo,Joyster
Alfa Romeo,33
Honda,Accord Crosstour
Mahindra,Commander
Fiat,Ulysse
MCC,ForFour
Ford,Edge
Alpina,B 10
Ford,Mustang
Mercury,Villager
Citroen,Xantia
Citroen,C5
Peugeot,106
Saab,41403
Nissan,Xterra
Buick,Century
Hyundai,Matrix
Holden,Astra
Kia,Retona
Volkswagen,GTI
Maserati,Quattroporte
Oldsmobile,Achieva
Toyota,Celica
Ginetta,G40
Mazda,6
Chrysler,LHS
Dodge,Intrepid
Buick,Enclave
Subaru,Impreza
Peugeot,306
Mercury,Cougar
Caterham,Super 7
Isuzu,I-350
GMC,Safari
Alfa Romeo,Spider
Chrysler,Concorde
MCC,ForFour
Land Rover,Defender
Chrysler,Pacifica
Chevrolet,Epica
Opel,Signum
Honda,CR-V
Toyota,Aygo
Panoz,AIV
Dodge,Viper
Honda,Capa
Porsche,GT2
Daewoo,Musson
Mercedes-Benz,G
Pontiac,GTO
Nissan,Terrano II
Porsche,GT2
Noble,M12
Volvo,850
Fiat,Seicento
Proton,Impian
Pontiac,Vibe
Lada,Kalina
De,Tomaso Pantera
Citroen,Xsara
Mini,One
Lincoln,MKS
Infiniti,G35
GAZ,3110
Nissan,Cube
Ford,F-650
Volkswagen,Passat
Infiniti,J30
Mitsubishi,Challenger
Eagle,Vision
GAZ,41571
Lancia,Zeta
Kia,Carens
Porsche,DP
Infiniti,J30
Audi,A6
BMW,528
Fiat,Ulysse
Peugeot,207
Chevrolet,Evanda
Fiat,Cinquecento
Ford,Puma
Mercedes-Benz,C
Lancia,Musa
Bentley,Azure
Land Rover,Defender
MG,TF
Morgan,4
Hyundai,Dynasty
Acura,NSX
Rolls-Royce,Silver Spur
Porsche,Boxster
Hyundai,Galloper
Nissan,Murano CrossCabriolet
Pininfarina,Rossa
Subaru,Legacy
Renault,Clio
Lexus,LS
Ford,Tempo
Mazda,Premacy
GMC,Jimmy
Buick,Park Avenue
Seat,Ibiza
Toyota,Avensis
Toyota,4Runner
Plymouth,Neon
Suzuki,Grand Vitara
Bristol,Fighter
BMW,840
Kia,Spectra
Oldsmobile,Alero
Ford,Puma
MCC,ForFour
MG,RV8
MG,RV8
Cadillac,Escalade
Toyota,RAV4
Cadillac,STS
Mitsubishi,Magna
Opel,Speedster
Audi,S5
Mazda,2
Nissan,Murano
Ford,F-150
Volvo,C70
Audi,A8
Opel,Astra
GMC,Safari
Lexus,LX
Ford,GT
Kia,Forte
Toyota,Supra
Citroen,Saxo
Kia,Potentia
Lincoln,Mark VIII
Jeep,Commander
Ford,S-Max
Bentley,State Limousine
Ford,E-250
Mini,MK VII
Ford,Mustang
Isuzu,KB
Ferrari,458 Italia
Volkswagen,W12
Land Rover,LR3
Fiat,Sedici
Land Rover,Discovery
Panoz,Esperante
Holden,Captiva
Volvo,V50
BMW,120
Peugeot,107
Samsung,SM3
Ford,Taurus
Lexus,FLV
Pontiac,Vibe
SSC,Ultimate Aero
Volkswagen,Quantum
Chrysler,Le Baron
Volvo,V50
Toyota,Avensis
Daewoo,Prince
Chevrolet,Caprice
Cadillac,Seville
Fiat,Punto
GMC,Sonoma
BMW,M3
Bugatti,EB 118
Daewoo,Rezzo
Volvo,S80
Ford,Excursion
Fiat,126
Oldsmobile,Cutlass
Porsche,Carrera GT
Seat,Altea
Opel,Calibra
GMC,Jimmy
Lada,Kalina
Kia,Cee'd
Mazda,MS-6
Subaru,Impreza
TVR,Chimaera
Lancia,Lybra
Volkswagen,Jetta
Daewoo,Lacetti
Cadillac,Catera
Chrysler,300
Alfa Romeo,Spider
BMW,730
Mercedes-Benz,GL
Opel,Omega
Lexus,LS
Renault,19
Audi,A6
Beijing,BJ 2020
Cadillac,XLR
Kia,Pride Wagon
Nissan,Altima
Nissan,Altima
Fiat,500
Hyundai,Satellite
Mazda,CX-7
Toyota,Land Cruiser
BMW,330
Audi,A4
Mercedes-Benz,CLK
Toyota,Corolla
Mercury,Tracer
Subaru,Outback
Honda,Legend
Cadillac,DeVille
Chevrolet,Impala
Alpina,B 10
BMW,M6
Acura,CL-X
Citroen,C8
Mazda,Washu
Land Rover,LR2
Alfa Romeo,Spider
GMC,Sierra
Lotus,Elise
McLaren,F1
Dodge,Avenger
Nissan,Pathfinder
SsangYong,Rexton
Porsche,Boxster
BMW,M3
Ford,F-250
GAZ,3110
Lada,Samara II
Skoda,Superb
Jaguar,XJ8
Lexus,ES
Holden,Caprice
Mercedes-Benz,A
Mercedes-Benz,V
Audi,S6
Alfa Romeo,155
Chevrolet,Corvette
Renault,Zoe
Mitsubishi,SSS
Oldsmobile,Achieva
Rover,800
Eagle,Talon
Panoz,Esperante
Plymouth,Laser
Proton,400
Venturi,400
Renault,Thalia
Innocenti,990
Mercedes-Benz,CLK GTR
Jaguar,XK8
TVR,Sagaris
Mercedes-Benz,CLK
Mercury,Mariner
Citroen,C5
Peugeot,1007
Seat,Toledo
Mazda,Premacy
Vauxhall,Vectra
Porsche,911
Vauxhall,Omega
Seat,Ibiza
Honda,Ridgeline
Honda,Odyssey
Renault,Trafic
Fiat,Grande Punto
Mazda,MS-6
Vauxhall,Carlton
AC,Ace
Fiat,Multipla
Lada,Niva
Chevrolet,Uplander
Dodge,Ram
Ford,Mustang
Pontiac,Montana
Holden,Monaro
Volkswagen,Routan
Ford,Aerostar
Honda,Fit
Subaru,Tribeca
Daewoo,Lacetti
Mitsubishi,Valley
Beijing,BJ 2020
Peugeot,807
Fiat,Doblo
Suzuki,Swift
Skoda,Fabia
Lancia,Lybra
Suzuki,Alto
Jensen,SV-8
Seat,Ibiza
Bentley,Continental
Ford,Falcon
Toyota,Highlander
Mazda,B4000
Saab,41403
Volvo,V70
BMW,125
Ford,24.7
Seat,Ibiza
Jaguar,X-300
Lincoln,MKZ
Ford,F-150
Honda,Shuttle
Smart,ForFour
Bugatti,EB 110
Nissan,Quest
Chrysler,PT Cruiser
Opel,Agila
Alpina,B3
Fiat,Strada
Daewoo,Prince
Holden,Calais
Ford,F-250
Acura,RSX
Suzuki,X90
Saleen,S7
Proton,Impian
Ford,Ecosport
Skoda,Superb
Infiniti,G37
Renault,Symbol
GMC,Envoy
Mitsubishi,Challenger
BMW,Z9
Bentley,Continental
Seat,Inca Kombi
Lancia,Dialogos
Lada,Kalina
Hyundai,Veracruz
Lotus,Elise
Morgan,4
Acura,TL
Volkswagen,New Beetle
Mercury,Capri
Nissan,Xterra
Bentley,Arnage
Nissan,Sunny
Toyota,Matrix
Daewoo,Nubira
Toyota,Tundra
Alfa Romeo,8C Competizione
Oldsmobile,SS
Tata,E
Ferrari,456M
Ferrari,F 2005
Mazda,MX-5 Miata
Honda,Shuttle
Toyota,MRJ
Volvo,S40
Peugeot,206
Mercedes-Benz,E
Fiat,Marea
Mini,MK VII
Dodge,Razor
Chrysler,Viper
Oldsmobile,Alero
Infiniti,J30
Infiniti,G37
Land Rover,Discovery
Lancia,Phedra
Dodge,Viper
Dodge,Nitro
Ford,Probe
GMC,Acadia
Dodge,Ram
Tata,Nano
Peugeot,407
Isuzu,Axiom
BMW,316
Lincoln,MKZ
Mahindra,Bolero
Kia,Carens
Mitsubishi,Shogun
Nissan,Terrano II
Alfa Romeo,GTV
Infiniti,QX4
Lotus,Exige
Dodge,Neon
Avanti,Sport Convertible
Mercedes-Benz,C
Hyundai,Galloper
Proton,Saloon
Volvo,S80
Buick,Park Avenue
Cadillac,V Sixteen
Subaru,Outback
Renault,Clio
Lexus,IS
Lexus,RX
Bristol,Beaufighter
Maybach,62
BMW,730
Honda,S2000
Fiat,Siena
Kia,Cerato
Lada,Natacha
Mercedes-Benz,C 112
Renault,Clio
Honda,Avancier
Rover,City
Caterham,7
Alpina,B3
Kia,Optima
Cadillac,Catera
Citroen,C
Xedos,6
Vauxhall,Cavalier
Saab,41403
Hyundai,Coupe
Italdesign,Nazca
Ford,E-150
Buick,LaCrosse
Ford,Falcon
Cadillac,Seville
Acura,SLX
Vector,M12
Pontiac,GTO
Chevrolet,Camaro
SSC,Ultimate Aero
Peugeot,Boxer
Ferrari,F355
Honda,Prelude
Hyundai,Tiburon
Peugeot,206
Mazda,MS-6
Buick,Riviera
Daewoo,Chairman
Lada,Niva
Volvo,S60
Volvo,XC60
Panoz,Esperante
Buick,Blackhawk
Chrysler,Grand Voyager
Mercedes-Benz,CL
Peugeot,207
Holden,Commodore
Land Rover,Freelander
Hyundai,i10
Nissan,1400
Lamborghini,Diablo
Skoda,Roomster
Toyota,Mega Cruiser
Proton,Perdana
Porsche,Boxster
Honda,Stream
Land Rover,Range Rover Sport Rover
Aston Martin,DB7
Mahindra,CL
Mitsubishi,i-MiEV
Peugeot,408
Audi,Pikes Peak Quattro
Peugeot,407
Volkswagen,Gol
Ford,Falcon
BMW,330
Citroen,ZX
Nissan,Note
Buick,Terraza
Ford,Courier
Chrysler,300
Proton,400
Mitsubishi,Galant
Proton,Persona
Toyota,Mega Cruiser
Ferrari,360
Citroen,C-Crosser
Bristol,Beaufighter
Jaguar,XJ6
Mitsubishi,SSU
Honda,Avancier
Subaru,Impreza
Mercury,Milan
Mitsubishi,Lancer
Opel,Omega
Chevrolet,Kalos
Mercury,Grand Marquis
BMW,535
Citroen,Xanae
Plymouth,Voyager
Zastava,65
Proton,Impian
Hyundai,Sonata
Jaguar,S-Type
Mitsubishi,Galant
Fiat,Seicento
Porsche,Cayman
Mercedes-Benz,CLS
Subaru,Pleo
Mitsubishi,Minica
Scion,xB
Marcos,Mantara
Bentley,Brooklands
Nissan,Altima
BMW,328
Lancia,Delta
TVR,Griffith
Pontiac,Grand Prix
BMW,525
Fiat,Punto
Fiat,Siena
Daihatsu,Move
Peugeot,306
Toyota,Vitz
Pontiac,Bonneville
Chrysler,TC
BMW,332
Subaru,Justy
Mazda,MPV
Nissan,X-Trail
Isuzu,VX-02
Lexus,SC
Volkswagen,Caddy
Proton,300
Vauxhall,VX220
Peugeot,207
Vauxhall,Agila
Buick,Rendezvous
Chevrolet,APV
Peugeot,4007
Ferrari,Rossa
SsangYong,Kyron
Proton,Persona
Mini,Cooper
Nissan,Rogue
Mazda,MS-9
Bentley,Arnage
Bentley,Azure
Hyundai,Genesis Coupe
Toyota,Venza
Mazda,Premacy
Mitsubishi,Lancer
Lexus,LX
Peugeot,306
Infiniti,G20
Buick,Park Avenue
Daihatsu,Gran Move
Land Rover,Freelander
Daewoo,Nubira
Scion,xD
Daewoo,Kalos
Ford,Desert Excursion
Volvo,XC90
Mercedes-Benz,Version Longue
Toyota,Sienna
Toyota,MR2
Chevrolet,Beretta
Alfa Romeo,166
Cadillac,CTS
BMW,650
Cadillac,Catera
Acura,RL
Fiat,Multipla
Pontiac,Vibe
Seat,Inca Kombi
Mahindra,CL
Fiat,Barchetta
Honda,CR-V
Bentley,Continental
BMW,Z4
Volvo,XC70
Daewoo,Rezzo
Chevrolet,Epica
Alfa Romeo,164
Honda,CR-V
Lada,110
Pontiac,Grand Prix
Daihatsu,Applause
Subaru,Impreza
TVR,Tamora
Alfa Romeo,Brera
Chevrolet,Silverado
Subaru,G3X
Ford,Mondeo
Kia,Soul
Opel,Frontera
Fiat,Palio
Ford,Taurus
Honda,S2000
Volkswagen,Rabbit
Chrysler,LHS
Lamborghini,Diablo
Alfa Romeo,166
Bristol,Blenheim
Toyota,Venture
Hummer,H3
Hyundai,Scoupe
Dodge,Ram
Chevrolet,Aveo
Mazda,MX-3
Holden,Monaro
Alfa Romeo,GTV
Tata,Indica
Daihatsu,Mira
Mercury,Tracer
Chevrolet,Silverado
Daihatsu,YRV
Citroen,C
Morgan,Aero
Rover,45
Renault,Clio
Peugeot,406
Lancia,Dedra
Lincoln,Navigator
Chevrolet,Corvette
Cadillac,Escalade
Volkswagen,Citi
Peugeot,106
Daihatsu,Atrai
Bristol,Fighter
Peugeot,207
Lexus,ES
Pontiac,Grand Am
Toyota,Avalon
Mazda,Levante
Hyundai,Accent
Cadillac,CTS
Toyota,Prius
Morgan,4
Suzuki,Cappuccino
Lincoln,Mark VIII
Lexus,LX
Citroen,C-Crosser
BMW,730
Rover,400
Jaguar,XK
Fiat,Doblo
MG,ZT-T
Holden,Statesman
Riley,MR II
Opel,Omega
Chrysler,Voyager
Volkswagen,Caddy
Porsche,928
Ford,Expedition
Aston Martin,V12 Vantage
Chevrolet,Uplander
TVR,Type S
Volkswagen,Passat
BMW,Z3
Alpina,B6
Chevrolet,Monte Carlo
Jeep,Grand Cherokee
Pontiac,Vibe
Volvo,S60
Lancia,Thema
Volkswagen,Sharan
Citroen,XM
Infiniti,G37
Opel,Tigra
Suzuki,Swift
Lancia,Lybra
Porsche,Boxster
Honda,Shuttle
BMW,316
Nissan,Pulsar
Ford,Falcon
Daihatsu,Move
Alfa Romeo,Spider
Land Rover,Freelander
Lexus,GX
Mitsubishi,Space Wagon
Hyundai,XG
Bentley,Continental
Rover,45
Volkswagen,New Beetle
Toyota,RAV4
Volvo,C70
BMW,735
Peugeot,Partner
Chrysler,Town and Country
Suzuki,Alto
Honda,Pilot
Venturi,Atlantique
Jaguar,XJS
SsangYong,Chairman W
Mitsubishi,Verada
Acura,TL
Peugeot,406
Chevrolet,Suburban
Ford,Econovan
Honda,Vamos
Honda,Z
Mitsubishi,Carisma
Nissan,Almera
Mitsubishi,Outlander
Chevrolet,Beretta
Bugatti,EB 110
Nissan,Silvia
Ford,Ranger
Daewoo,Korando
Dodge,Charger RT Concept
Jaguar,XJ8
Mazda,MX-3
Ford,Expedition
Eagle,Summit
BMW,323
Honda,Stream
Alfa Romeo,159
Mahindra,Armada
Hyundai,Dynasty
BMW,630
Porsche,DP
Peugeot,206
GMC,Terrain
Ford,Contour
Chrysler,Concorde
Honda,Shuttle
BMW,525
Ford,Fairlane
SsangYong,W Coupe
Peugeot,907
Buick,Park Avenue
Land Rover,LR3
Mercedes-Benz,S
Jeep,Grand Cherokee
Renault,Alpine
Renault,Thalia
Subaru,Impreza
Volkswagen,Fusca
Suzuki,Jimny
Audi,Q5
Volkswagen,Lupo
Lada,Niva
Lexus,IS
Oldsmobile,Alero
Holden,Colorado
Mazda,MX-5 Miata
Daewoo,Rezzo
Fiat,Duna
Alfa Romeo,MiTo
Fiat,Scudo
Hyundai,Sonata
Avanti,Studebaker
Toyota,Quantum
BMW,535
Renault,Logan
TVR,Griffith
Mercedes-Benz,CL
Citroen,Rally Raid
Infiniti,I
Bentley,Arnage
Holden,Colorado
Toyota,RAV4
Suzuki,Jimny
Mazda,MPV
Nissan,350Z
BMW,M3
Mercury,Grand Marquis
Ford,F-250
Buick,Roadmaster
Jaguar,XK8
Chrysler,Viper
GMC,Terrain
Toyota,Previa
Mini,Cooper Roadster
Innocenti,Mille
BMW,520
Chevrolet,Uplander
Bugatti,Veyron
Lexus,SC
Honda,Civic
Toyota,Supra
Saab,41403
Audi,RS6
Lotus,Elan
Dodge,Viper
Honda,CR-V
Mercedes-Benz,CLS
Chevrolet,Colorado
Infiniti,I
BMW,Z4
Lincoln,Continental
Mitsubishi,Eclipse
Volkswagen,Passat
Kia,Sportage
Dodge,Caravan
Mazda,Laputa
Audi,A4
Toyota,Paseo
Saab,9-X
Volkswagen,Golf
Honda,NSX
Porsche,911
Ferrari,F430
Volkswagen,Golf
Bentley,Mulsanne
Mitsubishi,Space Runner
Proton,Juara
Kia,Shuma
Buick,Rainier
Opel,Vivaro
Nissan,Titan
GMC,Envoy
Plymouth,Prowler
Isuzu,Trooper
Ford,Mondeo
Volkswagen,Polo
Honda,CR-V
Fiat,Idea
Chevrolet,HHR
Venturi,Coupe
Holden,Calais
Mahindra,Armada
Mercedes-Benz,Vaneo
Audi,TT
Fiat,Vivace
Opel,Omega
Bentley,Turbo
Chevrolet,Avalanche
Renault,Latitude
Mazda,Demio
Tata,Indica
Honda,Torneo
Cadillac,Escalade
Chevrolet,Nubira
Mercedes-Benz,CLS
Toyota,iQ
Daewoo,Matiz
Honda,Jazz
BMW,M5
Holden,Caprice
Nissan,Avenir
BMW,730
Buick,Park Avenue
MCC,ForTwo
Lexus,RX
Audi,RS2
Saab,41342
Panoz,AIV
Buick,Cielo
Mazda,6
Acura,EL
Mazda,MPV
Matra-Simca,M72
Renault,Safrane
TVR,Griffith
De,Tomaso Pantera
BMW,730
Lamborghini,Aventador
Mazda,Carol
Mazda,5
Renault,Megane
Opel,Vivaro
Kia,Spectra
Tata,Sumo
Volkswagen,Fox
Toyota,Mega Cruiser
Rolls-Royce,Silver Spirit
Mercury,Mountaineer
Buick,Riviera
Chevrolet,Suburban
Volkswagen,Kombi
Audi,RS3
Marcos,Mantara
Fiat,Strada
Chrysler,Chronos
Bristol,Blenheim
Ford,Focus
Toyota,Hi-Ace
Beijing,BJ 2021
Mitsubishi,Magna
Ford,Puma
Oldsmobile,SS
Chrysler,Concorde
Mitsubishi,Delica Space Gear
Suzuki,Swift
Honda,HR-V
Hyundai,Galloper
Porsche,911
Mazda,B3000
BMW,M3
Kia,Sephia
Ford,Indigo
Renault,Laguna
Ford,Mustang
Cadillac,Catera
Mitsubishi,SUW
Oldsmobile,Bravada
Mitsubishi,Lancer
Volvo,C70
Avanti,Sport Convertible
Kia,Pregio
Audi,Q7
Ford,Thunderbird
Kia,Carnival
Fiat,500
Audi,S4
Honda,Insight
Nissan,X-Trail
BMW,318
Chevrolet,Suburban
Volkswagen,CC
Mitsubishi,Magna
Mercedes-Benz,C
Fiat,Sedici
Mercury,MC4
Dodge,Grand Caravan
Honda,S-MX
Buick,Enclave
Bugatti,EB 118
Nissan,Pintara
Ferrari,F430
Steyr,G-series
Mitsubishi,Galant
Mazda,MS-8
Acura,EL
Opel,Zafira
Dodge,Dakota
Samsung,SM5
Mahindra,Armada
Dodge,Ram
Maybach,Landaulet
Chevrolet,Captiva
Jeep,Wrangler
Peugeot,407
Lamborghini,Diablo
Proton,Saloon
Hyundai,Atos
Mitsubishi,Galant
Chevrolet,SSR
BMW,320
Porsche,993
Suzuki,Equator
Nissan,GT-R
Porsche,911
Chevrolet,Colorado
Lancia,Phedra
Peugeot,Expert
Daihatsu,Fourtrak TDX
Alfa Romeo,155
Suzuki,Alto
Mercedes-Benz,B
Toyota,Yaris
Rover,Range Rover
Ford,Five Hundred
Renault,Clio
Ford,Maverick
BMW,X6
Subaru,Forester
Porsche,Carrera GT
Mazda,BT-50
Honda,Pilot
Dodge,Viper
Lincoln,LS
Caterham,7
Morgan,4
Nissan,Sentra
Maserati,Quattroporte
Citroen,C4
Mazda,B2300
Eagle,Talon
Buick,Roadmaster
BMW,128
Opel,Astra
Oldsmobile,Alero
Renault,Espace
Opel,Vectra
Mazda,MX-5 Miata
Pontiac,Grand Prix
Nissan,Quest
Lada,112
Ascari,KZ1
Porsche,928
Saturn,Vue
Honda,Today
Volkswagen,Eos
Maybach,Landaulet
Dodge,Caliber
Chrysler,300
Subaru,Legacy
GMC,Envoy
Opel,Corsa
Ford,Puma
Ford,Crown Victoria
Fiat,Punto
Chevrolet,Nubira
Chrysler,Grand Voyager
Mercedes-Benz,CLK GTR
Renault,Twingo
Audi,R8
Toyota,Prius
Renault,Grand Scenic
Buick,Park Avenue
Renault,25
SsangYong,Rexton
Nissan,Patrol
Pontiac,Sunfire
Plymouth,Laser
Ginetta,G33
Volkswagen,Caddy
Morgan,4
Skoda,Superb
Nissan,Sentra
Renault,Grand Scenic
Alpina,B3
Mazda,RX-7
Volkswagen,W12
Ford,Falcon
Mitsubishi,Lancer
Porsche,996
Ford,Explorer
Jaguar,XJR
Mazda,MX-5 Miata
Lada,Natacha
Jaguar,XJ
Lada,Niva
Alpina,Roadster
Nissan,R 390 GT1
Renault,Fluence
Peugeot,4008
Bugatti,EB 118
Audi,A6
Ferrari,Mondial
Opel,Astra
Acura,TSX
Bentley,Continental GTC
Ford,C-MAX
Volvo,V40
Daihatsu,Altis
Ford,E-250
Bentley,Turbo
Kia,Rondo
Toyota,Hi-Ace
Alfa Romeo,Centauri
Smart,ForTwo
Dodge,Neon
Nissan,Lafesta
Honda,City
Fiat,Doblo
BMW,730
Volvo,850
Pontiac,Trans Am
Mercedes-Benz,S
Mercedes-Benz,SL
Mercedes-Benz,A
Holden,Calais
Pontiac,Grand Prix
Citroen,Rally Raid
Citroen,Xsara
Toyota,105
Peugeot,406
Dodge,Intrepid
Koenigsegg,CCXR
Rover,45
Oldsmobile,Achieva
Chrysler,Cirrus
Nissan,Titan
Maybach,62
SsangYong,Chairman H
Pagani,Zonda
Noble,M14
Toyota,Highlander
Lexus,LX
Daihatsu,YRV
Nissan,Primera
Nissan,350Z
Toyota,Bandeirante
Lancia,Lybra
Mazda,Demio
Fiat,Ulysse
Mercury,Mystique
Opel,Omega
Hyundai,i30
BMW,325
Fiat,Palio II
Saturn,SC
Alfa Romeo,Bella
Daewoo,Lacetti
BMW,X5
Saab,9-7X
Cadillac,DeVille
Hyundai,Matrix
Dodge,Challenger
Chrysler,Concorde
Hyundai,Equus
Volkswagen,Quantum
Cadillac,SRX
Nissan,MM
Volkswagen,Sharan
Suzuki,Grand Vitara
Chevrolet,Caprice
Rover,214
Hyundai,Grandeur
Honda,Odyssey
Porsche,928
Acura,TL
Proton,Saloon
Volkswagen,Caddy
Fiat,Linea
Volkswagen,New Beetle
Hyundai,i10
Mazda,6
Smart,Roadster
Volvo,850
Mercedes-Benz,G
Buick,Rendezvous
Ferrari,575M Maranello
Ford,Galaxy
Renault,Espace
Volkswagen,New Beetle
Hyundai,Tucson
GMC,Canyon
Jaguar,S-Type
Suzuki,Cappuccino
Lexus,GS
Volvo,V90
Mitsubishi,Minica
Alfa Romeo,MiTo
Kia,Retona
Renault,19
Audi,TT
Rolls-Royce,Silver Seraph
Honda,Z
Opel,Tigra
Honda,Concerto
Ferrari,550
Mazda,2
Honda,Civic
Volvo,S70
Daihatsu,Move
Lancia,Fulvia
Chrysler,Voyager
Daewoo,Matiz
Ford,Escort
Lotus,M250
Ford,Bantam
Suzuki,Splash
Daihatsu,Naked
Mercedes-Benz,CLK GTR
Seat,Toledo
Ford,Courier
Suzuki,Splash
Lancia,Musa
Dodge,Caravan
Peugeot,1007
Toyota,Soarer
Chrysler,LHS
Saturn,ION
Daewoo,Lacetti
GMC,Yukon
Lotus,Elise
Renault,Megane
Toyota,Solara
Ford,Falcon
BMW,Z9
Mitsubishi,Space Runner
Peugeot,206
Land Rover,Discovery 3
Toyota,Camry
Mercedes-Benz,A
Honda,Vamos
Citroen,C8
Land Rover,LR4
Panoz,AIV
Suzuki,Forenza
Renault,Megane
Seat,Arosa
Ferrari,360
Rover,45
Ford,Kuga
Lancia,Zeta
Isuzu,Hombre
Nissan,Terrano II
Oldsmobile,Silhouette
Opel,Antara
Chevrolet,Rezzo
Volkswagen,Caddy
Volkswagen,Sharan
Saturn,SL
Cadillac,Escalade
Ford,Fiesta
Holden,Barina
Citroen,AX
Daihatsu,Trevis
Mitsubishi,Colt
Land Rover,Discovery 3
Renault,Megane
Nissan,Pathfinder
Lexus,LX
Fiat,Stilo
Kia,Cadenza
Toyota,Sequoia
ZAZ,Wagon
Peugeot,106
BMW,X5
BMW,535
Mazda,6
Mini,Cooper Clubman
Beijing,BJ 2020
Oldsmobile,Silhouette
Mercury,Cougar
Vauxhall,Omega
Ford,Laser
Holden,Maloo
Bentley,Azure
Lexus,GX
Chevrolet,Tracker
Volkswagen,Sharan
Cadillac,XLR
De,Tomaso Pantera
Opel,Astra
BMW,316
BMW,320
Daewoo,Magnus
Nissan,Almera
BMW,750
Morgan,Plus 4
TVR,Chimaera
Dodge,Stratus
Ford,Maverick
Hyundai,Euro 1
Toyota,Prius
Peugeot,4007
Ford,Contour
BMW,528
Alfa Romeo,GTV
Alfa Romeo,164
SsangYong,Musso
Dodge,Sprinter
Porsche,911
Lexus,ES
Chrysler,Town and Country
Ford,F-250
Honda,Odyssey
Toyota,Progress NC 300
Audi,S4
Nissan,R 390 GT1
Infiniti,M
Kia,Joice
Ford,Taurus
Ferrari,F399
Land Rover,LR2
Volkswagen,GTI
Alpina,B7
Mazda,6
Chevrolet,Matiz
Toyota,Camry
Rover,45
Rolls-Royce,Silver Spirit
BMW,318
Volkswagen,Fox
Volkswagen,Citi
Dodge,Challenger
Cadillac,DeVille
Mazda,MX-5 Miata
Lancia,Ionos
Renault,Laguna
Nissan,Interstar
Pontiac,Grand Prix
Mazda,Tribute
Mercedes-Benz,CLK GTR
Lamborghini,Gallardo
Vector,M12
Kia,Sorento
Nissan,Sunny
Toyota,Previa
Volvo,S40
Chrysler,Aspen
BMW,540
Cadillac,CTS
Fiat,Barchetta
Mitsubishi,3000GT
Ferrari,456M
Mercedes-Benz,CLK
Vauxhall,Maxx
Dodge,Ram
McLaren,F1
Chevrolet,Suburban
Citroen,XM
BMW,116
Skoda,Fabia
Subaru,Justy
Acura,Integra
Holden,Combo
Rolls-Royce,Park Ward
Pagani,Zonda
Mercedes-Benz,SL
Mercedes-Benz,G
Mazda,323
Mini,Cooper Roadster
Jeep,Cherokee
Chevrolet,Equinox
Scion,xD
Acura,CL
Citroen,C
Peugeot,RCZ
Plymouth,Prowler
Daewoo,Leganza
Nissan,Skyline
Ford,Mondeo
Mahindra,Armada
Toyota,Picnic
Audi,S2
Honda,Accord
Jaguar,XK
Toyota,ES 3
Holden,Berlina
Suzuki,Samurai
Lexus,LS
Bentley,Azure
Opel,Concept M
Aston Martin,DB9
Toyota,Camry
Lexus,GS
Marcos,TS
Maybach,57
Eagle,Vision
Toyota,Tazz
Kia,Cadenza
Mercedes-Benz,GL
Bentley,Continental Flying Spur
Mercedes-Benz,R
Lancia,Musa
Mitsubishi,3000GT
Citroen,C1
Lancia,Ypsilon
Maybach,Landaulet
BMW,854
Subaru,Legacy
Daewoo,Rezzo
Volvo,V70
Mercedes-Benz,S
Toyota,Previa
Dodge,Journey
Volkswagen,Parati
Lexus,LX
Nissan,Patrol
GMC,Canyon
Nissan,Murano
Aston Martin,Vanquish
Ford,Falcon
Toyota,Camry
Suzuki,Swift
BMW,X3
Lancia,Ypsilon
Seat,Inca Kombi
Lexus,SC
Volkswagen,Passat
Mitsubishi,Grandis
Seat,Toledo
Kia,Rio
Toyota,Caldina
Bristol,Blenheim
Mazda,323
BMW,S3
Mercedes-Benz,F200
GMC,Canyon
Plymouth,Prowler
Volkswagen,Pickup
Citroen,Xanae
Lexus,GS
Seat,Cordoba
Toyota,Verossa
Maserati,Ghibli
Honda,S-MX
Ford,Ranger
Buick,Park Avenue
Volkswagen,Concept C
Lotus,Elise
Honda,Fit
BMW,745
ZAZ,Wagon
MCC,ForTwo
Citroen,C8
Audi,A4
Mercedes-Benz,V
Volkswagen,Concept T
Chevrolet,Beretta
Honda,S-MX
Mercury,Montego
GAZ,3111
Daewoo,Leganza
Citroen,C3
Caterham,7
Hyundai,Marcia
TVR,Griffith
SsangYong,Korando
Lexus,LX
Fiat,Strada
Daihatsu,Materia
Lancia,Voyager
Skoda,Fabia
Opel,Astra
Audi,Q7
Rolls-Royce,Corniche
Citroen,Berlingo
Cadillac,CTS
Volkswagen,Passat
Renault,Modus
Hyundai,Matrix
Lotus,Elan
TVR,Chimaera
Mercedes-Benz,Swatch
Renault,Twingo
Nissan,370Z
Chevrolet,Monte Carlo
Toyota,Highlander
Fiat,500
Aston Martin,DB9
Audi,A3
Volkswagen,Caddy
Cadillac,Seville
Subaru,Forester
GMC,Terrain
Ford,Explorer
Ford,Galaxy
Hyundai,H1
Mazda,MS-8
Nissan,Crew
Eagle,Vision
Tata,Indica
Hyundai,Terracan
Seat,Ibiza
Saab,41403
Alpina,B7
Honda,CR-V
Mitsubishi,FTO
Bristol,Beaufighter
Alfa Romeo,147
Mercedes-Benz,CLK
Mitsubishi,Diamante
Toyota,Avalon
Mercury,Villager
Opel,Vivaro
Toyota,Tacoma
Nissan,Pickup
Chevrolet,Lacetti
Subaru,Forester
Mercury,Mountaineer
Ferrari,456
Hyundai,Veracruz
Hyundai,Accent
Mercury,Grand Marquis
Buick,Park Avenue
Aston Martin,Project Vantage
Tata,Indica
Fiat,Tempra
Italdesign,Nazca
Subaru,Pleo
Citroen,Saxo
Seat,Ibiza
Honda,Prelude
Cadillac,CTS
Audi,RS6
Ford,Escape
Bentley,Continental GTC
Suzuki,Covie
Audi,S3
Kia,Optima
Lexus,SC
Lada,Roadster
Fiat,Punto
Honda,Jazz
Toyota,Century
Jeep,Patriot
Honda,Accord
Dodge,Intrepid
Opel,Combo
Fiat,Duna
Lancia,Phedra
Chevrolet,Monte Carlo
Avanti,Studebaker
Chevrolet,Kalos
Saturn,LW
BMW,123
Hyundai,i30
Volvo,S80
Panoz,AIV
Bristol,Blenheim
Rover,Range Rover
Koenigsegg,CCX
Kia,Sorento
Volkswagen,Parati
Spyker,C8
Volkswagen,Microbus
Mitsubishi,Pajero
Toyota,RSC
Citroen,Xsara
Dodge,Charger
Smart,ForTwo
Toyota,Starlet
Fiat,Palio
Ford,Five Hundred
Jaguar,XKR
Fiat,Linea
Suzuki,Lapin
Infiniti,QX4
BMW,X1
Acura,MDX
Fiat,Palio
SsangYong,Stavic
Chrysler,Town and Country
Suzuki,Vitara
Maybach,57
Mini,Cooper
Suzuki,Swift
Toyota,Mega Cruiser
Infiniti,QX4
Toyota,Camry
ZAZ,Wagon
Vauxhall,Agila
Honda,Pilot
McLaren,F1
Toyota,RAV4
Lexus,LS
Mitsubishi,Diamante
AC,Aceca
Land Rover,Defender
Toyota,Ipsum
Proton,Juara
Volkswagen,Citi
SsangYong,Korando
Nissan,Pathfinder
Tata,Indigo
Fiat,Ulysse
Mitsubishi,Magna
Rover,45
Toyota,Hilux
Oldsmobile,Aurora
Honda,Insight
Audi,S8
Chevrolet,S-10
Plymouth,Prowler
Kia,Rio
Porsche,928
Kia,Potentia
Dodge,Charger
Subaru,Justy
Pontiac,Bonneville
Riley,MR II
Fiat,Linea
Chevrolet,Blazer
Suzuki,C2
Honda,Avancier
Alfa Romeo,Brera
Opel,Zafira
Buick,Lucerne
Seat,Toledo
Lamborghini,Murcielago
Daewoo,Matiz
Kia,Sorento
Mercedes-Benz,R
Jeep,Grand Cherokee
Dacia,Logan
Mercedes-Benz,E
Holden,Barina
MCC,ForFour
Opel,Omega
Oldsmobile,Silhouette
Honda,CRX
Peugeot,807
Mitsubishi,Colt
Suzuki,Alto
Bugatti,EB 118
Honda,Fit
Oldsmobile,Bravada
Ford,Ranger
Mercedes-Benz,Vision
Fiat,Grande Punto
Hyundai,Dynasty
Ford,Royale
BMW,Just 4
Daihatsu,Cuore
Honda,Civic
Opel,Vivaro
Toyota,Corolla
Toyota,Aygo
Hyundai,Terracan
Hyundai,Portico
Volvo,850
Volkswagen,Touran
Toyota,Camry
Lexus,LX
Maserati,GranTurismo
Proton,Juara
BMW,332
Nissan,Crew
Kia,Magentis
Chevrolet,Lacetti
Chevrolet,Lumina
Toyota,Condor
Audi,TT
Cadillac,Escalade
Proton,Tiara
Opel,Agila
Suzuki,Aerio
Alpina,B7
Plymouth,Breeze
Infiniti,M
Saturn,Outlook
Dodge,Caliber
Ferrari,599
Ford,Econovan
Toyota,Venture
Suzuki,Samurai
Jaguar,XK
Kia,Joice
Isuzu,I-350
Acura,RL
Buick,Century
Dodge,Journey
Toyota,Crown
Tata,Estate
Honda,Pilot
Mahindra,Bolero
Hyundai,ix35
BMW,M3
Nissan,Rasheen
Honda,Fit
Proton,Persona
Toyota,Camry
Eagle,Vision
Hyundai,i30
Skoda,Octavia
Jeep,Grand Cherokee
Alfa Romeo,GTV
Fiat,Doblo
Ford,Falcon
Mercury,Sable
Daewoo,Magnus
Suzuki,Grand Vitara
Lexus,SC
Jeep,Cherokee
Volvo,850
Volkswagen,Fusca
Chrysler,Voyager
Volkswagen,Fox
Alfa Romeo,166
Volvo,YCC
Chevrolet,Uplander
Suzuki,Alto
Pontiac,Torrent
Ginetta,G34
Ferrari,Enzo
BMW,735
Ford,Windstar
Opel,Zafira
Daihatsu,Altis
BMW,M5
Saturn,Vue
Renault,25
Ford,Expedition
Toyota,Tazz
BMW,325
Aston Martin,Cygnet
Daihatsu,Gran Move
Peugeot,607
Renault,Safrane
Suzuki,Cappuccino
Pontiac,Solstice
SSC,Aero
Opel,Frontera
Isuzu,ZXS
Mercury,Sable
Westfield,ZEI
Zastava,65
Audi,A3
Ford,GT 500
Nissan,Cima
Proton,Perdana
Honda,Civic
Peugeot,406
Toyota,Corolla
Fiat,Croma
Scion,tC
Porsche,Cayenne
Ascari,A10
Dodge,Challenger
Hummer,H2
Toyota,Venza
Tata,Indica
Daihatsu,Move
Toyota,Hi-Ace
Peugeot,Expert
Lexus,LX
Cadillac,CTS-V
Dodge,Power Box
Jaguar,XK8
Holden,Commodore
Mahindra,Armada
Renault,Clio
Cadillac,CTS
Mercury,Capri
Toyota,4Runner
Vauxhall,Meriva
Hyundai,Tiburon
Rover,75
Smart,ForFour
Honda,Legend
Alfa Romeo,Crosswagon
Ford,Crown Victoria
Daewoo,Kalos
Peugeot,405
Ford,Windstar
Alpina,B7
Bristol,Project Fighter
Mercedes-Benz,CLC
Aston Martin,Virage
Mitsubishi,i-MiEV
Lotus,GT 1
Toyota,Chaser
Opel,Vectra
Lotus,Esprit
Ford,F-250
Alfa Romeo,147
Lancia,Kappa
Kia,Visto
GMC,Yukon
Pontiac,GTO
Tata,Indica
Volkswagen,Caddy
Subaru,Impreza
Mercury,Grand Marquis
Renault,Espace
Mazda,RX-7
Chevrolet,Trans Sport
Fiat,Panda
BMW,X5
Cadillac,XLR
Acura,RSX
TVR,Speed 12
Renault,Espace
Opel,Astra
Subaru,Forester
Alpina,B5
Lamborghini,Aventador
TVR,T 350
Chevrolet,Equinox
Buick,LeSabre
Renault,Grand Scenic
Proton,Gen-2
BMW,M
Chevrolet,Monte Carlo
Proton,Perdana
Toyota,Avalon
BMW,523
Eagle,Vision
Toyota,Supra
Holden,Epica
Kia,Retona
Rover,45
Peugeot,Kart Up
Maserati,Shamal
Fiat,Siena
Toyota,Matrix
McLaren,MP4-12C
Cadillac,Catera
Ginetta,G40
Audi,A8
BMW,730
Suzuki,Liana
Toyota,Corolla
Jaguar,XJ
Fiat,Sedici
Citroen,C5
Rolls-Royce,Corniche
Honda,Element
Buick,Riviera
Volvo,850
Peugeot,Partner
Maserati,Coupe
Chevrolet,Astro
Nissan,Pixo
Land Rover,Discovery 3
Lada,Natacha
Audi,A8
BMW,X5
Bugatti,EB 118
Citroen,C1
GMC,Sonoma
Lexus,IS
Rover,25
Fisker,Karma
Ascari,KZ1
Ferrari,KS 360 Modena
Plymouth,Prowler
Chrysler,PT Cruiser
Nissan,Sunny
Mini,One
Seat,Exeo
Nissan,1400
Seat,Alhambra
Lexus,ES
Infiniti,G37
Lada,Niva
Kia,Rondo
Honda,Accord
Audi,R8
Ferrari,KS 360 Modena
Rolls-Royce,Silver Spur
Mazda,MX-5 Miata
Scion,xD
Nissan,Frontier
Ford,Falcon
Honda,Insight
Mitsubishi,Carisma
Nissan,Terrano II
Maserati,Shamal
Nissan,Trailrunner
Renault,Megane
Renault,Megane
Isuzu,D-MAX
GAZ,3111
Ford,Puma
Ford,Mustang
Lexus,IS
Daewoo,Matiz
Lexus,SC
Hyundai,Genesis Coupe
Bugatti,EB 118
Citroen,Xsara
Cadillac,SRX
Alfa Romeo,166
Rover,25
Mahindra,Bolero
Smart,ForTwo
Jaguar,XK
Dodge,Charger
Jeep,Liberty
Isuzu,ZXS
Beijing,BJ 2020
SsangYong,Musso
Mercedes-Benz,SLK
Isuzu,Ascender
Jaguar,XJ8
Mercedes-Benz,SLR McLaren
Bentley,Arnage
Daihatsu,Cuore
Porsche,965
Kia,Magentis
Acura,TSX
MCC,Crossblade
Infiniti,QX56
Jaguar,XK
Mahindra,Armada
Alfa Romeo,145
Volvo,S60
Mercedes-Benz,G
Honda,CR-Z
Audi,S6
Holden,Apollo
Mitsubishi,Eclipse
Lamborghini,Diablo
Daihatsu,Copen
Porsche,Boxster
Scion,tC
Seat,Cordoba
Volvo,440
Proton,Gen-2
Bristol,Blenheim
Alfa Romeo,156
Holden,Barina
Opel,Corsa
Citroen,C2
BMW,Z4
Alpina,B5
Hyundai,Coupe
Honda,Element
Buick,Enclave
Maserati,V8 GranSport
Rover,800
Ford,E-150
Daihatsu,Cuore
Suzuki,Baleno
BMW,318
Ford,F-150
Nissan,Pickup
Seat,Toledo
GMC,Safari
Mitsubishi,Endeavor
Westfield,ZEI
Ford,Explorer
Isuzu,VX4
Lexus,GS
Chrysler,Town and Country
Renault,Twingo
Honda,Logo
Ford,Puma
Mercedes-Benz,CLK GTR
Infiniti,M
Daihatsu,Copen
Chrysler,Le Baron
Rover,75
BMW,328
